Source,Target
PoloChau,mjpetrey
PoloChau,westy37
PoloChau,heycori
PoloChau,profnaren
PoloChau,ShrutiS1404
PoloChau,jusoneoftoomany
PoloChau,AstroAhura
PoloChau,irishowley
PoloChau,GTUbicomp
PoloChau,sana_ajani
PoloChau,ICatGT
PoloChau,MatthewGombolay
PoloChau,Sidd691
PoloChau,vrama91
PoloChau,alexandre_palo
PoloChau,AlexRTerry
PoloChau,GromitC
PoloChau,scc_gt
PoloChau,amyogan
PoloChau,SIAMDataMining
mjpetrey,SecretFlying
mjpetrey,PhotoGhibli
mjpetrey,_ColinFay
mjpetrey,hugobowne
mjpetrey,jtrnyc
mjpetrey,ClintSmithIII
mjpetrey,FiveThirtyEight
mjpetrey,dabeaz
mjpetrey,untappdpipeline
mjpetrey,jschwabish
mjpetrey,ma_salmon
mjpetrey,d4tagirl
mjpetrey,data_nerd
mjpetrey,sarah_guido
mjpetrey,vboykis
mjpetrey,OpenIntroOrg
mjpetrey,jepusto
mjpetrey,davidmeza1
mjpetrey,HumansAnalytics
mjpetrey,p7r
westy37,PoloChau
westy37,themostdank
westy37,Pwrliftingwatch
westy37,cj_wentz
westy37,robertherjavec
westy37,BG_WAIWEIGHT
westy37,HistoryInPics
westy37,allisonbanko
westy37,FacesPics
westy37,GTPaulJohnson
westy37,FitMenCook
westy37,Rep_Ink
westy37,lance_austin14
westy37,aimeedc
westy37,Faux_Gruden
westy37,pakalupapito
westy37,danieltosh
westy37,DomMazzetti
westy37,BroScienceLife
westy37,BradleyMartyn
heycori,web
heycori,cottonbureau
heycori,skwrlz
heycori,ICatGT
heycori,DavosDeville
heycori,jessica_colnago
heycori,fbOpenSource
heycori,mikamckinnon
heycori,PlanetDr
heycori,dkaushik96
heycori,davidayersvoice
heycori,josephseering
heycori,BrightenGodfrey
heycori,bustamantefe
heycori,vyas_sekar
heycori,ravenben
heycori,bowlinearl
heycori,proffnes
heycori,EmojiMeadow
heycori,densaer
profnaren,DrKevinFu
profnaren,NatashaBertrand
profnaren,drewharwell
profnaren,chucktodd
profnaren,sahilkapur
profnaren,rupasubramanya
profnaren,tomwsanchez
profnaren,JSEllenberg
profnaren,sknthla
profnaren,JustinWolfers
profnaren,SenDuckworth
profnaren,Choose2BCurious
profnaren,poliscibitches
profnaren,CrowdFlower
profnaren,EhudReiter
profnaren,bariweiss
profnaren,FluTrackers
profnaren,KatzOnEarth
profnaren,Prof_DavidBader
profnaren,sehurlburt
ShrutiS1404,PoloChau
ShrutiS1404,naveen2894
ShrutiS1404,jackkybhagnani
ShrutiS1404,edsheeran
ShrutiS1404,selenagomez
ShrutiS1404,taylorswift13
ShrutiS1404,TheEllenShow
ShrutiS1404,abishmathew
ShrutiS1404,kalyanrath
ShrutiS1404,mokshabindra
ShrutiS1404,ankitban
ShrutiS1404,narendramodi
ShrutiS1404,FoodFood
ShrutiS1404,rockyandmayur
ShrutiS1404,KananGill
ShrutiS1404,AllIndiaBakchod
ShrutiS1404,chintskap
ShrutiS1404,sonakshisinha
ShrutiS1404,RanveerOfficial
ShrutiS1404,FarOutAkhtar
jusoneoftoomany,chandu1k
jusoneoftoomany,BioTherap
jusoneoftoomany,DiagnosticsJoe
jusoneoftoomany,EU_DataPortal
jusoneoftoomany,PresseInfo
jusoneoftoomany,CaseyCrl
jusoneoftoomany,nlrbtz
jusoneoftoomany,SciAsCulture
jusoneoftoomany,mudit101jain
jusoneoftoomany,marin_vince
jusoneoftoomany,East_Bay_Plow
jusoneoftoomany,BigData_Master
jusoneoftoomany,Bigdata_AtoZ
jusoneoftoomany,LearnBigdata_
jusoneoftoomany,BigData_BigData
jusoneoftoomany,BigData_forYou
jusoneoftoomany,Bigdatafans_
jusoneoftoomany,vpa_world
jusoneoftoomany,Learn_Big_Data
jusoneoftoomany,Labiotech_eu
AstroAhura,spacetelelive
AstroAhura,kainoeske
AstroAhura,deltacarina
AstroAhura,chaaosbook
AstroAhura,FrancieCashman
AstroAhura,dfrctionspikes
AstroAhura,j_tharindu
AstroAhura,si2urssi
AstroAhura,KarelleSiellez
AstroAhura,CosmoCa3sar
AstroAhura,whereisyvette
AstroAhura,10outof10ley
AstroAhura,scgQuasar
AstroAhura,beanykelly
AstroAhura,sciencejedi
AstroAhura,PoloChau
AstroAhura,Judy_Racusin
AstroAhura,rareflwr41
AstroAhura,astrobassball
AstroAhura,mayorgalc
irishowley,davidalso
irishowley,rmgulotta
irishowley,MASS_MoCA
irishowley,CRAWomen
irishowley,turadg
irishowley,GregDyke
irishowley,choux
irishowley,rbrbrbr
irishowley,tom7
irishowley,brentheeringa
irishowley,adafruit
irishowley,PoloChau
irishowley,bigdata4people
irishowley,ianli
irishowley,dalbersszafir
irishowley,andyjko
irishowley,brttaylor
irishowley,krismicinski
irishowley,NyashaJunior
irishowley,OliFer
sana_ajani,TheCut
sana_ajani,thegentlewoman
sana_ajani,kcrw
sana_ajani,MarketplaceTech
sana_ajani,mollywood
sana_ajani,callyrgf
sana_ajani,aminatou
sana_ajani,danshipper
sana_ajani,nikitadyer
sana_ajani,firstround
sana_ajani,jake_zeller
sana_ajani,ashleymcnamara
sana_ajani,TheAmyCode
sana_ajani,alexmarlette
sana_ajani,Kyleculus
sana_ajani,smithmegan
sana_ajani,InnovFellows
sana_ajani,gdsteam
sana_ajani,USDS
sana_ajani,tmyerson
ICatGT,WomenWhoTech
ICatGT,GTaerospace
ICatGT,gtHCI
ICatGT,deshrajdry
ICatGT,mmadaio
ICatGT,ale_patron
ICatGT,katieirenec
ICatGT,greyesgt
ICatGT,GaTechOTT
ICatGT,ElixirAtlanta
ICatGT,vrama91
ICatGT,gpbnews
ICatGT,isbellHFh
ICatGT,joesbigidea
ICatGT,OSTtalk
ICatGT,CelesteHeadlee
ICatGT,AndrewYNg
ICatGT,olivercameron
ICatGT,andrewmiller
ICatGT,arpieb
MatthewGombolay,mikamckinnon
MatthewGombolay,angusforbes
MatthewGombolay,richardkelley
MatthewGombolay,SingularMattrix
MatthewGombolay,SpaceflightNow
MatthewGombolay,wilthomason
MatthewGombolay,likeavass
MatthewGombolay,aarshavi21
MatthewGombolay,catPPinto
MatthewGombolay,goodfellow_ian
MatthewGombolay,EMSpeck
MatthewGombolay,mikestrattonNET
MatthewGombolay,bjcolangelo
MatthewGombolay,GeorgiaTech
MatthewGombolay,deviparikh
MatthewGombolay,DhruvBatraDB
MatthewGombolay,GTRI
MatthewGombolay,Prof_DavidBader
MatthewGombolay,asbruckman
MatthewGombolay,fortnow
Sidd691,Miles_Brundage
Sidd691,geoffreyirving
Sidd691,h2oai
Sidd691,goodfellow_ian
Sidd691,USCGHyderabad
Sidd691,jimeng
Sidd691,WhatsApp
Sidd691,GTComputingER
Sidd691,GTLibrary
Sidd691,NipsConference
Sidd691,LisaSansouci
Sidd691,DalrympleWill
Sidd691,hemalshah_7
Sidd691,MaryKayCarlson
Sidd691,MohanCRaja
Sidd691,JeffDean
Sidd691,vmistweet
Sidd691,ICatGT
Sidd691,pythonbot_
Sidd691,LtGovDelhi
vrama91,xamat
vrama91,percyliang
vrama91,alirahimi0
vrama91,JCornebise
vrama91,cjmaddison
vrama91,KLdivergence
vrama91,balajiln
vrama91,pfau
vrama91,omerlevy_
vrama91,SussilloDavid
vrama91,scyrusk
vrama91,panderson_me
vrama91,fhuszar
vrama91,DBahdanau
vrama91,random_walker
vrama91,lucastheis
vrama91,tommmitchell
vrama91,jacobandreas
vrama91,mrtz
vrama91,vkrakovna
alexandre_palo,xamat
alexandre_palo,percyliang
alexandre_palo,alirahimi0
alexandre_palo,JCornebise
alexandre_palo,cjmaddison
alexandre_palo,KLdivergence
alexandre_palo,balajiln
alexandre_palo,pfau
alexandre_palo,omerlevy_
alexandre_palo,SussilloDavid
alexandre_palo,scyrusk
alexandre_palo,panderson_me
alexandre_palo,fhuszar
alexandre_palo,DBahdanau
alexandre_palo,random_walker
alexandre_palo,lucastheis
alexandre_palo,tommmitchell
alexandre_palo,jacobandreas
alexandre_palo,mrtz
alexandre_palo,vkrakovna
AlexRTerry,xamat
AlexRTerry,percyliang
AlexRTerry,alirahimi0
AlexRTerry,JCornebise
AlexRTerry,cjmaddison
AlexRTerry,KLdivergence
AlexRTerry,balajiln
AlexRTerry,pfau
AlexRTerry,omerlevy_
AlexRTerry,SussilloDavid
AlexRTerry,scyrusk
AlexRTerry,panderson_me
AlexRTerry,fhuszar
AlexRTerry,DBahdanau
AlexRTerry,random_walker
AlexRTerry,lucastheis
AlexRTerry,tommmitchell
AlexRTerry,jacobandreas
AlexRTerry,mrtz
AlexRTerry,vkrakovna
GromitC,xamat
GromitC,percyliang
GromitC,alirahimi0
GromitC,JCornebise
GromitC,cjmaddison
GromitC,KLdivergence
GromitC,balajiln
GromitC,pfau
GromitC,omerlevy_
GromitC,SussilloDavid
GromitC,scyrusk
GromitC,panderson_me
GromitC,fhuszar
GromitC,DBahdanau
GromitC,random_walker
GromitC,lucastheis
GromitC,tommmitchell
GromitC,jacobandreas
GromitC,mrtz
GromitC,vkrakovna
scc_gt,xamat
scc_gt,percyliang
scc_gt,alirahimi0
scc_gt,JCornebise
scc_gt,cjmaddison
scc_gt,KLdivergence
scc_gt,balajiln
scc_gt,pfau
scc_gt,omerlevy_
scc_gt,SussilloDavid
scc_gt,scyrusk
scc_gt,panderson_me
scc_gt,fhuszar
scc_gt,DBahdanau
scc_gt,random_walker
scc_gt,lucastheis
scc_gt,tommmitchell
scc_gt,jacobandreas
scc_gt,mrtz
scc_gt,vkrakovna
amyogan,xamat
amyogan,percyliang
amyogan,alirahimi0
amyogan,JCornebise
amyogan,cjmaddison
amyogan,KLdivergence
amyogan,balajiln
amyogan,pfau
amyogan,omerlevy_
amyogan,SussilloDavid
amyogan,scyrusk
amyogan,panderson_me
amyogan,fhuszar
amyogan,DBahdanau
amyogan,random_walker
amyogan,lucastheis
amyogan,tommmitchell
amyogan,jacobandreas
amyogan,mrtz
amyogan,vkrakovna
SIAMDataMining,xamat
SIAMDataMining,percyliang
SIAMDataMining,alirahimi0
SIAMDataMining,JCornebise
SIAMDataMining,cjmaddison
SIAMDataMining,KLdivergence
SIAMDataMining,balajiln
SIAMDataMining,pfau
SIAMDataMining,omerlevy_
SIAMDataMining,SussilloDavid
SIAMDataMining,scyrusk
SIAMDataMining,panderson_me
SIAMDataMining,fhuszar
SIAMDataMining,DBahdanau
SIAMDataMining,random_walker
SIAMDataMining,lucastheis
SIAMDataMining,tommmitchell
SIAMDataMining,jacobandreas
SIAMDataMining,mrtz
SIAMDataMining,vkrakovna
decidingbydata,mjpetrey
JeannineJoncas,mjpetrey
alex_joncas,mjpetrey
butik35039811,mjpetrey
NDomarad,mjpetrey
PoloChau,mjpetrey
generativist,mjpetrey
JesusAnthonyJa5,mjpetrey
Ruben_Wolff,mjpetrey
findusedmobiles,mjpetrey
davidmeza1,mjpetrey
sconvers,mjpetrey
qmdlogistics,mjpetrey
jithu_r_jacob,mjpetrey
whosaust,mjpetrey
abhinavr8,mjpetrey
SamiSaydjari,mjpetrey
Walid44848345,mjpetrey
rp997685,mjpetrey
patelsumit0101,mjpetrey
PoloChau,westy37
stevenvgallo,westy37
mary_shumaker,westy37
Rep_Ink,westy37
meldanielle92,westy37
donnamschmidt58,westy37
toopixshaker,westy37
obyeziashi,westy37
jasharris,westy37
Andir766,westy37
allisonbanko,westy37
gtLYMcrew,westy37
hdbest1,westy37
aimeedc,westy37
HndArmrChalkUSA,westy37
Trandrew25,westy37
IESCareers,westy37
susanrwest,westy37
ChaddsFordPenn,westy37
GTStudents,westy37
berty38,heycori
web,heycori
brand_armstrong,heycori
TitanHQ,heycori
LiZhang51301994,heycori
Vallmeister,heycori
lifemeets1,heycori
fabiomoioli,heycori
bethduffy95,heycori
collinsbrooks74,heycori
MayraReyesV,heycori
tonyhandel,heycori
ManojGotame3,heycori
PCAPInspector,heycori
hypervisible,heycori
NickiLaycoax,heycori
TheValleyReport,heycori
AmplifyPartners,heycori
saiabishek1,heycori
dkaushik96,heycori
peeratham,profnaren
VolunteerSci,profnaren
sriniv_venkat,profnaren
tomwsanchez,profnaren
sanketloke94,profnaren
dtchimp,profnaren
sujayry1,profnaren
salmanyam,profnaren
rohan_joseph93,profnaren
revolt60660,profnaren
MALMANNAA,profnaren
HuthaifaIssam,profnaren
Kaidi_Wang_,profnaren
AdeelaHuma,profnaren
RainKotut,profnaren
M_Semaan,profnaren
NicActon,profnaren
YangXiaoTheReal,profnaren
adbcoder,profnaren
Senseye_Winning,profnaren
PoloChau,ShrutiS1404
AbhayjeetSingh8,ShrutiS1404
greenersoul,ShrutiS1404
naveen2894,ShrutiS1404
chris10_0,ShrutiS1404
nayagaonkar71,ShrutiS1404
rao_shwetha,ShrutiS1404
reshmann8,ShrutiS1404
mokshabindra,ShrutiS1404
deepakrajtomar,ShrutiS1404
GovindDurag,ShrutiS1404
lyeskhalil,jusoneoftoomany
Nele_Coghe,jusoneoftoomany
Salesinteract,jusoneoftoomany
adexincom,jusoneoftoomany
SciAsCulture,jusoneoftoomany
DiagnosticsJoe,jusoneoftoomany
EU_DataPortal,jusoneoftoomany
CaseyCrl,jusoneoftoomany
chandu1k,jusoneoftoomany
boc_innovation,jusoneoftoomany
PresseInfo,jusoneoftoomany
BioTherap,jusoneoftoomany
it_service,jusoneoftoomany
literapedia_ub,jusoneoftoomany
nlrbtz,jusoneoftoomany
marin_vince,jusoneoftoomany
PennineBirch,jusoneoftoomany
BigData_BigData,jusoneoftoomany
Bigdatafans_,jusoneoftoomany
BigData_Master,jusoneoftoomany
KumarAGarg,AstroAhura
sam_giri,AstroAhura
Elisabe58209251,AstroAhura
arnauquera,AstroAhura
JeremyBlaizot,AstroAhura
WhatTheIfShow,AstroAhura
arichduvet,AstroAhura
jaromrax,AstroAhura
Swnk16,AstroAhura
MichaelGalanin,AstroAhura
kjb_astro,AstroAhura
erikakcarlson,AstroAhura
npr247,AstroAhura
basedreptile,AstroAhura
FrancieCashman,AstroAhura
SridharGajan,AstroAhura
chaaosbook,AstroAhura
dfrctionspikes,AstroAhura
sandrajames50,AstroAhura
LivingTransit,AstroAhura
sciencemeandyou,irishowley
LisaAnomalous,irishowley
anselmbradford,irishowley
SIG25_EdTheory,irishowley
rbrbrbr,irishowley
sanyal87,irishowley
tom7,irishowley
brttaylor,irishowley
SurajSurajjipcy,irishowley
WaveShineSec,irishowley
PoloChau,irishowley
brentheeringa,irishowley
ianli,irishowley
raj_k_darbar,irishowley
kn2423,irishowley
krismicinski,irishowley
sedatesnail,irishowley
YifangLi_,irishowley
whynotyet,irishowley
diyiy_cmu,irishowley
PoloChau,GTUbicomp
HCI_Research,GTUbicomp
greyesgt,GTUbicomp
shea_du,GTUbicomp
QiuyueXue,GTUbicomp
pranav_kundra,GTUbicomp
HyeokhyenKwon,GTUbicomp
ubihuman,GTUbicomp
zhangchengios,GTUbicomp
Anandghan_W,GTUbicomp
sstn_akg,GTUbicomp
DalithSteiger,sana_ajani
Kyleculus,sana_ajani
corey_latislaw,sana_ajani
bipolitics,sana_ajani
RaminNasibov,sana_ajani
VishalMummigatt,sana_ajani
thepressfarm,sana_ajani
keshav_swarup,sana_ajani
THBy9zAD1o6lYec,sana_ajani
BristolPalmer,sana_ajani
ItsDLS,sana_ajani
MicrosoftSV,sana_ajani
proj100women,sana_ajani
ManaliD34,sana_ajani
snack_ice,sana_ajani
anjpatel18,sana_ajani
Data_Learningz,sana_ajani
Matthew_Owens18,sana_ajani
ruthieyakubu,sana_ajani
crunchbasenews,sana_ajani
ubihuman,ICatGT
janmorian,ICatGT
superboyjazz,ICatGT
adannabankole,ICatGT
heycori,ICatGT
k_boh,ICatGT
suryandev,ICatGT
iaashish7,ICatGT
gupta_salehha,ICatGT
GrubhubTech,ICatGT
anirbanakash,ICatGT
WomenWhoTech,ICatGT
aseemb,ICatGT
northernlight,ICatGT
gautamshetty,ICatGT
bhargavbardipur,ICatGT
AlexGuoHan,ICatGT
iamvijaysai,ICatGT
ujjax_iitr,ICatGT
_btanmay,ICatGT
bll_krtl,MatthewGombolay
alexalcocerp,MatthewGombolay
MahdiRahmani313,MatthewGombolay
GigiLizaH,MatthewGombolay
crossslide,MatthewGombolay
lisabriercliffe,MatthewGombolay
RoboticsAutomat,MatthewGombolay
CanViewpoint,MatthewGombolay
LoveStats,MatthewGombolay
Sarus,MatthewGombolay
catPPinto,MatthewGombolay
aarshavi21,MatthewGombolay
ozbizchick,MatthewGombolay
axmed2002,MatthewGombolay
mark_nwi,MatthewGombolay
melbo07,MatthewGombolay
likeavass,MatthewGombolay
wilthomason,MatthewGombolay
hankejh,MatthewGombolay
Ned_Neverbeen,MatthewGombolay
GoogleAnalytic_,Sidd691
BigDatAnalytic,Sidd691
Dataa_Analytics,Sidd691
Smith_Analytics,Sidd691
DataAnalytic_4U,Sidd691
guptkhushbu,Sidd691
carrotlive_,Sidd691
LearnDataSciece,Sidd691
BigDataGal,Sidd691
PyramidAnalytic,Sidd691
gps_2017,Sidd691
hire_ai,Sidd691
CiscoDevNet,Sidd691
USASocialMedia1,Sidd691
gowherewolf,Sidd691
bluevincent,Sidd691
GTCSE,Sidd691
PoloChau,Sidd691
prakashadvani,Sidd691
SPYadav86550850,Sidd691
abhshkdz,vrama91
panderson_me,vrama91
ICatGT,vrama91
Taha114041,vrama91
pvskand,vrama91
piyushbansal93,vrama91
heghbalz,vrama91
hhm,vrama91
machinelearnbot,vrama91
pranoykrishnan,vrama91
Jay_Bhatt_007,vrama91
faizaancharania,vrama91
ashimch66682171,vrama91
mahesh_goud,vrama91
Safar18624249,vrama91
saviovictor1994,vrama91
mayankjuneja,vrama91
Chandan_1912,vrama91
MohanKumar10011,vrama91
vasan_ashwin,vrama91
xosewist,alexandre_palo
Prof_DavidBader,alexandre_palo
AvocatsVisa,alexandre_palo
Minishlink,alexandre_palo
duettoapp,alexandre_palo
thatmuellerkid,alexandre_palo
PoloChau,alexandre_palo
Christo29152683,alexandre_palo
TreyHuffine,alexandre_palo
_Guillaume_B_,alexandre_palo
AskAaronLee,alexandre_palo
graphqleu,alexandre_palo
Lezarman_,alexandre_palo
AM_Alumni,alexandre_palo
TychoTa,alexandre_palo
blaked_84,alexandre_palo
benjaminspak,alexandre_palo
Codeanywhere,alexandre_palo
FrancoisSutter,alexandre_palo
thenetninjauk,alexandre_palo
xosewist,AlexRTerry
Prof_DavidBader,AlexRTerry
AvocatsVisa,AlexRTerry
Minishlink,AlexRTerry
duettoapp,AlexRTerry
thatmuellerkid,AlexRTerry
PoloChau,AlexRTerry
Christo29152683,AlexRTerry
TreyHuffine,AlexRTerry
_Guillaume_B_,AlexRTerry
AskAaronLee,AlexRTerry
graphqleu,AlexRTerry
Lezarman_,AlexRTerry
AM_Alumni,AlexRTerry
TychoTa,AlexRTerry
blaked_84,AlexRTerry
benjaminspak,AlexRTerry
Codeanywhere,AlexRTerry
FrancoisSutter,AlexRTerry
thenetninjauk,AlexRTerry
xosewist,GromitC
Prof_DavidBader,GromitC
AvocatsVisa,GromitC
Minishlink,GromitC
duettoapp,GromitC
thatmuellerkid,GromitC
PoloChau,GromitC
Christo29152683,GromitC
TreyHuffine,GromitC
_Guillaume_B_,GromitC
AskAaronLee,GromitC
graphqleu,GromitC
Lezarman_,GromitC
AM_Alumni,GromitC
TychoTa,GromitC
blaked_84,GromitC
benjaminspak,GromitC
Codeanywhere,GromitC
FrancoisSutter,GromitC
thenetninjauk,GromitC
xosewist,scc_gt
Prof_DavidBader,scc_gt
AvocatsVisa,scc_gt
Minishlink,scc_gt
duettoapp,scc_gt
thatmuellerkid,scc_gt
PoloChau,scc_gt
Christo29152683,scc_gt
TreyHuffine,scc_gt
_Guillaume_B_,scc_gt
AskAaronLee,scc_gt
graphqleu,scc_gt
Lezarman_,scc_gt
AM_Alumni,scc_gt
TychoTa,scc_gt
blaked_84,scc_gt
benjaminspak,scc_gt
Codeanywhere,scc_gt
FrancoisSutter,scc_gt
thenetninjauk,scc_gt
xosewist,amyogan
Prof_DavidBader,amyogan
AvocatsVisa,amyogan
Minishlink,amyogan
duettoapp,amyogan
thatmuellerkid,amyogan
PoloChau,amyogan
Christo29152683,amyogan
TreyHuffine,amyogan
_Guillaume_B_,amyogan
AskAaronLee,amyogan
graphqleu,amyogan
Lezarman_,amyogan
AM_Alumni,amyogan
TychoTa,amyogan
blaked_84,amyogan
benjaminspak,amyogan
Codeanywhere,amyogan
FrancoisSutter,amyogan
thenetninjauk,amyogan
xosewist,SIAMDataMining
Prof_DavidBader,SIAMDataMining
AvocatsVisa,SIAMDataMining
Minishlink,SIAMDataMining
duettoapp,SIAMDataMining
thatmuellerkid,SIAMDataMining
PoloChau,SIAMDataMining
Christo29152683,SIAMDataMining
TreyHuffine,SIAMDataMining
_Guillaume_B_,SIAMDataMining
AskAaronLee,SIAMDataMining
graphqleu,SIAMDataMining
Lezarman_,SIAMDataMining
AM_Alumni,SIAMDataMining
TychoTa,SIAMDataMining
blaked_84,SIAMDataMining
benjaminspak,SIAMDataMining
Codeanywhere,SIAMDataMining
FrancoisSutter,SIAMDataMining
thenetninjauk,SIAMDataMining